{
  "model_name": "CatBoost",
  "model_type": "CatBoostClassifier",
  "best_params": {
    "depth": 6,
    "iterations": 100,
    "l2_leaf_reg": 1,
    "learning_rate": 0.05
  },
  "performance_metrics": {
    "AUC-ROC": 0.8419979431033227,
    "Accuracy": 0.7960888888888891,
    "Precision": 0.6611600519127133,
    "Recall": 0.4775919732441472,
    "Training Time (min)": 0.7297422607739766
  },
  "selection_date": "2025-06-29 05:14:00"
}