Model,ACCURACY_mean,PRECISION_mean,RECALL_mean,ROC_AUC_mean
Gradient Boosting,0.7916444444444445,0.6391650254827147,0.49498327759197325,0.8389956027760007
CatBoost,0.7909333333333333,0.639400005215063,0.49030100334448157,0.8355689262837384
AdaBoost,0.7884444444444444,0.6323713533166203,0.4882943143812709,0.8345129446824362
